https://lwj2021.netlify.app/*         https://www.learnwithjason.dev/:splat 301!
https://learnwithjason.netlify.app/*  https://www.learnwithjason.dev/:splat 301!
https://learnwithjason.netlify.com/*  https://www.learnwithjason.dev/:splat 301!
https://lwj.dev/*                     https://www.learnwithjason.dev/:splat 301!

# stitch in the additional sites
/webhooks/*   https://lwj-webhooks.netlify.app/.netlify/functions/webhook-:splat  200
/api/v2/*     https://lwj-api.netlify.app/.netlify/functions/:splat               200

# search is a command bar now thanks to Sarah Dayan and Algolia
/search /?search 301

# sponsors
/sponsor   https://www.notion.so/jlengstorf/Learn-With-Jason-Sponsorship-214f066473d64bddaeb6f57d155fad34
/backlight https://backlight.dev/?utm_source=learnwithjason&utm_medium=lwj&utm_campaign=sponsored
/nrwl      https://nrwl.io/?utm_source=learnwithjason&utm_medium=lwj&utm_campaign=sponsored
/nx        https://nx.dev/?utm_source=Learn+with+Jason&utm_medium=link&utm_id=LWJ+2022+H1
/fauna     https://www.fauna.com/?utm_source=Jason+Lengstorf+&utm_medium=video&utm_campaign=Q3&utm_id=influencers
/auth0     https://auth0.com/?utm_source=learnwithjason&utm_medium=lwj&utm_campaign=sponsored
/netlify   https://www.netlify.com/?utm_source=learnwithjason&utm_medium=lwj&utm_campaign=devex-jl
/new-relic https://newrelic.com/

# affiliate links
/daskeyboard  https://click.linksynergy.com/fs-bin/click?id=2xZxGRnahIM&offerid=1008802.89&type=3&subid=0&LSNSUBSITE=LSNSUBSITE  301

# calendar stuff
/calendar https://calendar.google.com/calendar?cid=bGVuZ3N0b3JmLmNvbV85cGxqMW02dTl2dGRkbGRvaW5sMGhzMnZna0Bncm91cC5jYWxlbmRhci5nb29nbGUuY29t 301!
/cal      https://calendar.google.com/calendar?cid=bGVuZ3N0b3JmLmNvbV85cGxqMW02dTl2dGRkbGRvaW5sMGhzMnZna0Bncm91cC5jYWxlbmRhci5nb29nbGUuY29t 301!
/book     https://calendly.com/learnwithjason/livestream

# the old live viewer is now on the home page
/live     /

# TODO decommission this
/graphql  https://learnwithjason.hasura.app/v1/graphql  200

# this article was moved to another site
/progressive-disclosure-of-complexity   https://www.jason.af/progressive-disclosure-of-complexity 301!

# moved and/or typoed URLs
/add-apple-pay-google-pay-to-jamstack-sites                               /add-apple-pay-and-google-pay-to-jamstack-sites
/create-a-static-site-using-angular-scully                                /create-static-site-angular-scully
/contentful-graphql-paid-content                                          /contentful-graphql-and-paid-content
/build-a-toast-site-using-mdx-tailwind                                    /build-a-toast-site-using-mdx-and-tailwind
/let-s-learn-eleventy                                                     /lets-learn-eleventy
/let-s-learn-vite                                                         /lets-learn-esbuild
/hiring-getting-hired-in-tech                                             /hiring-and-getting-hired-in-tech
/use-gatsby-wordpress-for-dynamic-sites                                   /use-gatsby-and-wordpress-for-dynamic-sites
/set-up-strapi-as-a-cms-for-gatsby                                        /strapi-gatsby-cms
/write-tests-for-gatsby-sites-apps                                        /write-tests-for-gatsby-sites-and-apps
/advanced-graphql-techniques-in-gatsby                                    /advanced-graphql-gatsby
/jamstack-cms-ecommerce                                                   /jamstack-cms-and-ecommerce
/image-video-magic-with-cloudinary                                        /image-and-video-magic-with-cloudinary
/running-state-machines-on-kubernetes                                     /episodes
/sketching-illustration-and-logo-creation                                 /sketching-illustration-logo-creation
/lets-learn-trpc                                                          /let-s-learn-trpc
/build-your-own-live-music-visualization                                  /build-your-own-audio-visualization-in-a-shader
/simply--unify-data-access-with-netlify-graph                             /simplify-and-unify-data-access-with-netlify-graph
/simply-and-unify-data-access-with-netlify-graph                          /simplify-and-unify-data-access-with-netlify-graph
/let-s-learn-apollo-client-v3-part-1                                      /let-s-learn-apollo-client-v3
/building-with-sentry                                                     /monitor-errors-and-performance-with-sentry
/building-with-algolia                                                    /custom-command-bar-using-autocomplete-with-algolia
/automated-manual-accessibility-testing                                   /automated-and-manual-accessibility-testing
/create-apps-using-a-component-library                                    /material-ui-gatsby
/turning-an-app-idea-into-a-plan-with-ux-design-workflows-and-prototypes  /ux-design-workflows-and-prototypes
/create-a-custom-alexa-skill                                              /episodes
/make-a-beat-from-scratch-in-logic-pro-x                                  /make-a-beat-logic-pro-x
/code/learn-rollup-js                                                     /blog/learn-rollup-js
/facial-recognition-machine-learning-in-react-gatsby                      /facial-recognition-and-machine-learning-in-react-and-gatsby
/set-up-a-new-gatsby-shopify-ecommerce-sites-pt-2                         /set-up-a-new-gatsby-shopify-ecommerce-site
/building-with-twilio                                                     /send-transactional-emails-with-twilio-sendgrid

# hi bots
/wp-login.php                         https://jason.af/party 301
/.env                                 https://jason.af/party 301
/xmlrpc.php                           https://jason.af/party 301
/xmlrpc.php                           https://jason.af/party 301
/web/wp-includes/wlwmanifest.xml      https://jason.af/party 301
/wp-includes/wlwmanifest.xml          https://jason.af/party 301
/website/wp-includes/wlwmanifest.xml  https://jason.af/party 301
/news/wp-includes/wlwmanifest.xml     https://jason.af/party 301
/2019/wp-includes/wlwmanifest.xml     https://jason.af/party 301
/wp1/wp-includes/wlwmanifest.xml      https://jason.af/party 301
/cms/wp-includes/wlwmanifest.xml      https://jason.af/party 301
/wp2/wp-includes/wlwmanifest.xml      https://jason.af/party 301
/site/wp-includes/wlwmanifest.xml     https://jason.af/party 301
/sito/wp-includes/wlwmanifest.xml     https://jason.af/party 301

# everything else falls through to the old site
/*      https://lwj-remix.netlify.app/:splat  200
